{"cameraMode":{"drawMode":0,"name":"Shaded","section":"Shading Mode"},"sceneLighting":true,"audioPlay":false,"sceneViewState":{"showFog":false,"showMaterialUpdate":false,"showSkybox":false,"showFlares":false,"showImageEffects":false,"showParticleSystems":false},"in2DMode":false,"pivot":{"x":-77.91357421875,"y":86.69856262207031,"z":-48.537261962890628},"rotation":{"x":-0.075564906001091,"y":0.8099097609519959,"z":-0.10703608393669129,"w":-0.5717470645904541},"size":282.9479064941406,"orthographic":false}