{"cameraMode":{"drawMode":0,"name":"Shaded","section":"Shading Mode"},"sceneLighting":false,"audioPlay":false,"sceneViewState":{"showFog":false,"showMaterialUpdate":false,"showSkybox":false,"showFlares":false,"showImageEffects":false,"showParticleSystems":false},"in2DMode":false,"pivot":{"x":-423.6408996582031,"y":-1225.753173828125,"z":732.2117919921875},"rotation":{"x":0.3701232671737671,"y":0.07373913377523422,"z":-0.02949019894003868,"w":0.9255990386009216},"size":2186.374267578125,"orthographic":false}